"","userID","start.timestamp","finish.timestamp","timezone.offset","duration","distance","start.cluster.id","finish.cluster.id","isPredicted","rank","guessProbability","numpred"
"1",2030,1490031003277,1490031826203,7200000,12.7489,11.3726739781044,2,9,NA,NA,NA,NA
"2",2030,1490080535580,1490081883502,7200000,21.7322,13.6358460174915,9,0,NA,NA,NA,NA
"3",2030,1490118369441,1490119411443,7200000,15.4000333333333,14.1931729695027,0,9,NA,NA,NA,NA
"4",2030,1490161376702,1490162285619,7200000,13.2004,19.0795121578584,9,3,NA,NA,NA,NA
"5",2030,1490634028102,1490634880027,10800000,14.19875,12.8563669038107,0,7,NA,NA,NA,NA
"6",2030,1490681043047,1490682658034,10800000,26.91645,13.8998574748813,9,0,NA,NA,NA,NA
"7",2030,1490721410082,1490722515745,10800000,18.4277166666667,14.3793581572076,0,9,NA,NA,NA,NA
"8",2030,1490772495152,1490773506035,10800000,16.84805,13.755447596484,9,0,NA,NA,NA,NA
"9",2030,1490806032416,1490807749463,10800000,28.61745,13.5326491735976,0,9,NA,NA,NA,NA
"10",2030,1490855398219,1490857227435,10800000,30.4869333333333,13.8086398940397,9,0,NA,NA,NA,NA
"11",2030,1490892512361,1490893398357,10800000,14.7666,12.8062823285473,0,7,NA,NA,NA,NA
"12",2030,1491201444844,1491202705838,10800000,21.0165666666667,13.5932634658778,9,0,NA,NA,NA,NA
"13",2030,1491237636384,1491239271418,10800000,27.2505666666667,15.2911899085611,0,9,NA,NA,NA,NA
"14",2030,1491288271023,1491290917096,10800000,44.1012166666667,13.5934264018344,9,0,NA,NA,NA,NA
"15",2030,1491302685164,1491302949127,10800000,4.39938333333333,2.65238308491407,0,0,NA,NA,NA,NA
"16",2030,1491313016128,1491313844117,10800000,13.7998166666667,2.56400997229879,0,2,NA,NA,NA,NA
"17",2030,1491325163123,1491326234023,10800000,17.8483333333333,14.2692043997261,0,9,NA,NA,NA,NA
"18",2030,1491376862534,1491378013541,10800000,19.18345,13.3133248963097,9,0,NA,NA,NA,NA
"19",2030,1491408731480,1491410425815,10800000,28.2389166666667,14.2926606165643,0,9,NA,NA,NA,NA
"20",2030,1491454748692,1491455950674,10800000,20.0330333333333,19.966455532479,9,10,NA,NA,NA,NA
"21",2030,1491546770465,1491548399948,10800000,27.15805,53.3655325417889,9,0,NA,NA,NA,NA
"22",2030,1491581550996,1491582815994,10800000,21.0833,12.8760511746383,0,7,NA,NA,NA,NA
"23",2030,1491584836025,1491585681003,10800000,14.0829666666667,12.4059468547195,1,5,NA,NA,NA,NA
"24",2030,1491591302029,1491591578042,10800000,4.60021666666667,1.52248804338653,5,6,NA,NA,NA,NA
"25",2030,1491600474471,1491601345024,10800000,14.5092166666667,14.0082860129627,6,9,NA,NA,NA,NA
"26",2030,1491805549488,1491808255609,10800000,45.1020166666667,13.4314217520251,9,0,NA,NA,NA,NA
"27",2030,1491816291279,1491816475386,10800000,3.06845,2.93197582722597,0,11,NA,NA,NA,NA
"28",2030,1491836173792,1491836763862,10800000,9.8345,8.53063119821474,0,0,NA,NA,NA,NA
"29",2030,1491843764503,1491845907747,10800000,35.7207333333333,3.84651780145375,0,7,NA,NA,NA,NA
"30",2030,1491854298517,1491854445376,10800000,2.44765,1.70812220678119,7,9,NA,NA,NA,NA
"31",2030,1492017084548,1492017263548,10800000,2.98333333333333,1.72370813838026,0,8,NA,NA,NA,NA
"32",2030,1492059430361,1492061388450,10800000,32.6348166666667,20.9211879036167,9,12,NA,NA,NA,NA
"33",2030,1492065333094,1492066522434,10800000,19.8223333333333,20.7605206615852,12,13,FALSE,-1,-1,0
"34",2030,1492068470329,1492069589101,10800000,18.6462,13.5037888386248,13,0,FALSE,-1,-1,0
"35",2030,1492617185978,1492617448100,10800000,4.3687,2.38348168685385,0,0,NA,NA,NA,NA
"36",2030,1492624145948,1492624972974,10800000,13.7837666666667,12.7288401701461,0,7,TRUE,3,0.0201092799563759,5
"37",2030,1494917082267,1494918485271,7200000,23.3834,14.2364317466847,9,0,TRUE,1,0.880043662723473,4
"38",2030,1495002773957,1495003818975,7200000,17.4169666666667,11.3856065170356,9,4,FALSE,-1,-1,4
"39",2030,1495092734435,1495094431438,7200000,28.2833833333333,13.842286748893,9,0,TRUE,1,0.900730994293839,4
"40",2030,1495127689000,1495131107635,10800000,56.97725,15.4303296667675,0,9,TRUE,2,0.0881180342226675,5
"41",2030,1496301162835,1496302447854,10800000,21.4169833333333,13.5219338534301,9,0,TRUE,1,0.888988570636509,4
"42",2030,1496341592523,1496342767855,10800000,19.5888666666667,14.1694919482335,0,9,TRUE,2,0.301172111081358,5
"43",2030,1496387977334,1496390028419,10800000,34.18475,13.7388485372073,9,0,TRUE,1,0.913228448135078,4
"44",2030,1496730702515,1496732304655,10800000,26.7023333333333,14.3734234332296,9,0,TRUE,1,0.981693206058001,4
"45",2030,1496778773294,1496779600262,10800000,13.7828,14.2237348544977,0,9,TRUE,1,0.783964822379534,5
"46",2030,1496817312657,1496818852811,10800000,25.6692333333333,13.5704150350783,9,0,TRUE,1,0.96441452030965,4
"47",2030,1496904909054,1496906295027,10800000,23.09955,13.6391156977711,9,0,TRUE,1,0.915935563287212,4
"48",3076,1490596689842,1490597124862,10800000,6.66733333333333,3.00869309382339,28,1,NA,NA,NA,NA
"49",3076,1490602243846,1490602555837,10800000,3.81675,2.57267649671594,1,13,NA,NA,NA,NA
"50",3076,1490637801329,1490638139341,10800000,5.63353333333333,4.5700134994552,1,28,NA,NA,NA,NA
"51",3076,1490682730703,1490683189937,10800000,7.6539,3.06619531656138,28,1,NA,NA,NA,NA
"52",3076,1490716613973,1490717091500,10800000,7.95878333333333,4.62608097051752,1,28,NA,NA,NA,NA
"53",3076,1490940569197,1490941084001,10800000,8.58006666666667,2.22383205447209,28,1,NA,NA,NA,NA
"54",3076,1490978189005,1490978569011,10800000,6.33343333333333,4.63497058613921,1,28,NA,NA,NA,NA
"55",3076,1491135680767,1491138039777,10800000,39.3168333333333,24.065249419075,6,28,NA,NA,NA,NA
"56",3076,1491197404164,1491197866361,10800000,7.70328333333333,4.78845167279828,28,20,NA,NA,NA,NA
"57",3076,1491203674383,1491204179346,10800000,8.41605,2.87645328725725,20,1,NA,NA,NA,NA
"58",3076,1491233938313,1491234301325,10800000,6.0502,4.59765566197247,1,28,NA,NA,NA,NA
"59",3076,1491288114046,1491288585250,10800000,7.8534,2.58509840985627,28,8,NA,NA,NA,NA
"60",3076,1491289966457,1491290232260,10800000,4.43005,0.840952704123077,8,1,NA,NA,NA,NA
"61",3076,1491313359264,1491314140248,10800000,13.0164,4.85182701346536,26,1,NA,NA,NA,NA
"62",3076,1491320933239,1491321858226,10800000,15.41645,5.64694028539221,1,28,NA,NA,NA,NA
"63",3076,1491370704928,1491371308740,10800000,10.0635333333333,4.57322999011557,28,20,NA,NA,NA,NA
"64",3076,1491377527203,1491377831222,10800000,5.06698333333333,3.02186808227339,20,1,NA,NA,NA,NA
"65",3076,1491406540204,1491409125181,10800000,43.08295,11.6555974812109,1,30,NA,NA,NA,NA
"66",3076,1491411339195,1491412695253,10800000,22.6009666666667,11.3102827963305,30,28,NA,NA,NA,NA
"67",3076,1491462679144,1491463238637,10800000,9.32488333333333,3.06449728173073,28,1,NA,NA,NA,NA
"68",3076,1491475049632,1491475303611,10800000,4.23298333333333,2.5296190086311,1,13,NA,NA,NA,NA
"69",3076,1491494067598,1491494674667,10800000,10.1178166666667,4.4959252992345,1,28,NA,NA,NA,NA
"70",3076,1491543577381,1491544099096,10800000,8.69525,4.51376556266269,28,20,NA,NA,NA,NA
"71",3076,1491549890116,1491550237133,10800000,5.78361666666667,2.73435160145817,20,1,NA,NA,NA,NA
"72",3076,1491570091087,1491570869092,10800000,12.96675,5.32725989526,1,1,NA,NA,NA,NA
"73",3076,1491580683081,1491581089206,10800000,6.76875,4.64224900763822,1,28,NA,NA,NA,NA
"74",3076,1491804994999,1491805414816,10800000,6.99695,3.11487053232093,28,1,NA,NA,NA,NA
"75",3076,1491830529680,1491831682666,10800000,19.2164333333333,5.31689088374868,1,1,NA,NA,NA,NA
"76",3076,1491891982691,1491892622341,10800000,10.6608333333333,3.06950502259562,28,1,NA,NA,NA,NA
"77",3076,1491894892355,1491896005967,10800000,18.5602,2.7351670196149,1,1,NA,NA,NA,NA
"78",3076,1491925349316,1491926014322,10800000,11.0834333333333,6.18038824980157,1,12,NA,NA,NA,NA
"79",3076,1491934332326,1491934646309,10800000,5.23305,3.48903860732441,12,28,NA,NA,NA,NA
"80",3076,1492013284683,1492014815665,10800000,25.5163666666667,12.2144986824241,1,21,NA,NA,NA,NA
"81",3076,1492024132408,1492024816420,10800000,11.4002,5.80546088308122,15,28,NA,NA,NA,NA
"82",3076,1492065377039,1492065826126,10800000,7.48478333333333,3.15377443809008,28,1,NA,NA,NA,NA
"83",3076,1492095615108,1492097428199,10800000,30.2181833333333,8.50065829507236,1,4,NA,NA,NA,NA
"84",3076,1492098384933,1492098625922,10800000,4.01648333333333,3.17199336474024,4,28,NA,NA,NA,NA
"85",3076,1492150911262,1492151409076,10800000,8.2969,3.54773485041719,28,23,NA,NA,NA,NA
"86",3076,1492152608613,1492153317189,10800000,11.8096,1.08169496013045,23,1,NA,NA,NA,NA
"87",3076,1493048344585,1493048818236,10800000,7.89418333333333,0.813531223386594,1,28,NA,NA,NA,NA
"88",3076,1493098558996,1493099085718,10800000,8.7787,3.0131733205403,28,1,NA,NA,NA,NA
"89",3076,1493132305693,1493132874690,10800000,9.48328333333333,4.52630798460247,1,28,NA,NA,NA,NA
"90",3076,1493877877756,1493878287282,10800000,6.82543333333333,3.21719652492876,28,1,NA,NA,NA,NA
"91",3076,1493898247241,1493898958271,10800000,11.8505,7.53840077870343,1,24,NA,NA,NA,NA
"92",3076,1493912561215,1493912915213,10800000,5.89996666666667,4.58089685142247,1,28,NA,NA,NA,NA
"93",3076,1493964477055,1493965518193,10800000,17.3523,5.36812092092582,28,1,NA,NA,NA,NA
"94",3076,1494397321998,1494399025513,10800000,28.3919166666667,7.00115518896223,28,14,NA,NA,NA,NA
"95",3076,1494515590568,1494515933542,10800000,5.71623333333333,4.6042048521212,1,28,NA,NA,NA,NA
"96",3076,1494567528003,1494568559010,10800000,17.18345,3.32050321049041,25,28,NA,NA,NA,NA
"97",3076,1494571183977,1494572468977,10800000,21.4166666666667,13.8690718907656,9,1,NA,NA,NA,NA
"98",3076,1494604268974,1494605297328,10800000,17.1392333333333,6.82037182023083,27,28,NA,NA,NA,NA
"99",3076,1494826555817,1494827126753,10800000,9.5156,4.52490095748733,28,20,NA,NA,NA,NA
"100",3076,1494832658184,1494833319496,10800000,11.0218666666667,2.7378141301202,20,1,NA,NA,NA,NA
"101",3076,1494861802192,1494862247469,10800000,7.42128333333333,4.59607535114806,1,28,NA,NA,NA,NA
"102",3076,1494912106892,1494912539785,10800000,7.21488333333333,3.08091333026347,28,1,NA,NA,NA,NA
"103",3076,1494949776261,1494950170974,10800000,6.57855,4.58114080536171,1,28,NA,NA,NA,NA
"104",3076,1494999129437,1494999675999,10800000,9.10936666666667,4.50271014878081,28,20,NA,NA,NA,NA
"105",3076,1495005843429,1495006956439,10800000,18.5501666666667,2.92343402398094,20,1,NA,NA,NA,NA
"106",3076,1495033047561,1495033797405,10800000,12.4974,6.03436812358897,1,24,NA,NA,NA,NA
"107",3076,1495036936384,1495037330406,10800000,6.56703333333333,2.45016156613227,24,28,NA,NA,NA,NA
"108",3076,1495082298098,1495083408948,10800000,18.5141666666667,8.42890672771423,28,31,NA,NA,NA,NA
"109",3076,1495084378959,1495085020958,10800000,10.6999833333333,6.70504551743459,31,28,NA,NA,NA,NA
"110",3076,1495087644989,1495088046948,10800000,6.69931666666667,3.1251544549414,28,1,NA,NA,NA,NA
"111",3076,1495121904921,1495122971937,10800000,17.7836,3.26157547730246,22,28,NA,NA,NA,NA
"112",3076,1495172331776,1495172727864,10800000,6.60146666666667,3.97068703148032,16,20,NA,NA,NA,NA
"113",3076,1495178516190,1495178900104,10800000,5.4531,2.7275573850592,20,1,TRUE,1,0.927245043999153,1
"114",3076,1495814390392,1495814885955,10800000,8.25938333333333,4.69691120468597,1,28,TRUE,1,0.840821295311574,7
"115",3076,1495875235520,1495875699262,10800000,7.72903333333333,3.41512388559062,28,23,FALSE,-1,-1,0
"116",3076,1495879230407,1495879448627,10800000,3.637,1.11060168914768,23,28,FALSE,-1,-1,0
"117",3076,1495888300834,1495889726600,10800000,23.7627666666667,18.1215520966374,28,11,FALSE,-1,-1,0
"118",3076,1495893619594,1495894601596,10800000,16.3667,8.24474996974067,11,7,FALSE,-1,-1,0
"119",3076,1495898119570,1495898610569,10800000,8.18331666666667,3.35166588068791,7,3,FALSE,-1,-1,0
"120",3076,1495900904582,1495904193442,10800000,54.8143333333333,47.4586531131704,3,5,FALSE,-1,-1,0
"121",3076,1495906327454,1495906814451,10800000,8.11661666666667,5.41974873299261,2,28,FALSE,-1,-1,0
"122",3076,1496036431151,1496036924130,10800000,8.21631666666667,4.55294225064713,28,20,TRUE,1,0.786636109456169,6
"123",3076,1496043244282,1496043993120,10800000,12.4806333333333,3.17941301580138,20,1,TRUE,1,0.94042653108446,1
"124",3076,1496069841109,1496070207116,10800000,6.10011666666667,4.58174448912441,1,28,TRUE,1,0.850487493480535,7
"125",3076,1496127995176,1496128424969,10800000,7.16321666666667,3.08079197991623,28,1,TRUE,1,0.925014848294587,6
"126",3076,1496157636218,1496158629743,10800000,16.55875,4.47743403981738,1,28,TRUE,1,0.84164180671612,7
"127",3076,1496209043506,1496209479534,10800000,7.26713333333333,4.64519110814055,28,20,TRUE,1,0.919151458789425,6
"128",3076,1496215762527,1496216183544,10800000,7.01695,2.89062372822467,20,1,TRUE,1,0.948772252808282,1
"129",3076,1496226964843,1496227869519,10800000,15.0779333333333,3.59108576790059,10,28,FALSE,5,0.0659731844101108,8
"130",3076,1496296651964,1496298369285,10800000,28.6220166666667,9.14820253691078,0,1,FALSE,-1,-1,1
"131",3076,1496329853449,1496331249467,10800000,23.2669666666667,5.69244380144751,1,24,TRUE,2,0.15872137667121,7
"132",3076,1496382038755,1496382556873,10800000,8.6353,4.73127894589406,28,20,TRUE,1,0.641884945800751,6
"133",3076,1496387617876,1496387975850,10800000,4.9728,2.77206810353231,20,1,TRUE,1,0.939569797728498,1
"134",3076,1496418232551,1496420764557,10800000,42.2001,9.63134652407488,1,23,FALSE,-1,-1,7
"135",3076,1496469148662,1496477928905,10800000,146.337383333333,229.584433291952,29,17,NA,NA,NA,NA
"136",3076,1496672487100,1496680739932,10800000,137.5472,189.130184271125,18,19,NA,NA,NA,NA
"137",3076,1496762840867,1496763402772,10800000,9.36508333333333,4.59607535114806,1,28,TRUE,1,0.844532969815208,7
"138",3076,1496815784536,1496816330727,10800000,9.10318333333333,3.06491636809219,28,1,TRUE,3,0.0812740481009536,6
"139",3076,1496848154441,1496848582935,10800000,7.14156666666667,4.57536840718755,1,28,FALSE,4,0.105178169785473,7
"140",3076,1496899604184,1496900157200,10800000,9.21693333333333,4.57282085722526,28,20,TRUE,2,0.20301752043839,6
"141",3076,1496905629778,1496906038181,10800000,6.80671666666667,2.82730291788076,20,1,TRUE,1,0.745912180972391,1
"142",3355,1490472256719,1490473757743,7200000,22.58325,11.2874424939123,0,15,NA,NA,NA,NA
"143",3355,1490501682784,1490502015769,10800000,4.20005,1.99108618126133,15,4,NA,NA,NA,NA
"144",3355,1490511347805,1490512640794,10800000,20.7855666666667,7.44201588023114,4,15,NA,NA,NA,NA
"145",3355,1490516420796,1490524525937,10800000,131.166883333333,90.5345730867676,15,9,NA,NA,NA,NA
"146",3355,1490526095817,1490526744808,10800000,7.78318333333333,4.30505278799006,9,20,NA,NA,NA,NA
"147",3355,1490590416852,1490591918835,10800000,23.1841333333333,7.83658867530853,15,6,NA,NA,NA,NA
"148",3355,1490632780908,1490636322930,10800000,53.4664666666667,21.8421579311835,6,15,NA,NA,NA,NA
"149",3355,1490680811373,1490682892019,10800000,31.6837,11.336246070682,15,16,NA,NA,NA,NA
"150",3355,1490683259031,1490685875161,10800000,42.7332833333333,24.5890686761937,16,6,NA,NA,NA,NA
"151",3355,1490722347066,1490723946088,10800000,26.6503666666667,14.3795825990633,6,20,NA,NA,NA,NA
"152",3355,1490767433153,1490767752172,10800000,5.31698333333333,1.57214742017753,15,20,NA,NA,NA,NA
"153",3355,1490768804166,1490770075165,10800000,21.1833166666667,7.12131315543898,20,6,NA,NA,NA,NA
"154",3355,1490804475225,1490805677231,10800000,20.0334333333333,7.29060032886175,6,15,NA,NA,NA,NA
"155",3355,1490847588329,1490848641340,10800000,17.5501833333333,7.66830234308278,15,6,NA,NA,NA,NA
"156",3355,1492793177979,1492795124994,10800000,32.45025,12.1367103001806,6,15,NA,NA,NA,NA
"157",3355,1492838268131,1492843380121,10800000,85.1998333333333,43.7977349052059,15,10,NA,NA,NA,NA
"158",3355,1492849756123,1492850484126,10800000,12.1333833333333,4.28645021463385,10,1,NA,NA,NA,NA
"159",3355,1492851272128,1492851715137,10800000,7.38348333333333,2.52525286895028,1,20,NA,NA,NA,NA
"160",3355,1492856070140,1492857280146,10800000,20.1667666666667,7.71861961851646,20,18,NA,NA,NA,NA
"161",3355,1492860118210,1492861558144,10800000,23.9989,9.12785684313485,18,20,NA,NA,NA,NA
"162",3355,1492930088939,1492934149942,10800000,67.6833833333333,25.7194188221361,15,13,NA,NA,NA,NA
"163",3355,1492935251134,1492936030947,10800000,12.9968833333333,6.29673228095019,13,8,NA,NA,NA,NA
"164",3355,1492938103798,1492938620347,10800000,8.60915,3.11946858232854,8,15,NA,NA,NA,NA
"165",3355,1492964665783,1492967312651,10800000,44.1144666666667,34.8963513194381,15,5,NA,NA,NA,NA
"166",3355,1492969486661,1492970329650,10800000,14.0498166666667,4.70258988239988,5,15,NA,NA,NA,NA
"167",3355,1493047893828,1493049204834,10800000,21.8501,7.16570680058309,6,15,NA,NA,NA,NA
"168",3355,1493097862974,1493099202969,10800000,22.33325,7.98399275725772,15,6,NA,NA,NA,NA
"169",3355,1493227799317,1493228545782,10800000,12.4410833333333,6.40237738723717,6,17,NA,NA,NA,NA
"170",3355,1493230384766,1493230841331,10800000,7.60941666666667,4.7293630812521,17,3,NA,NA,NA,NA
"171",3355,1493238574359,1493239117313,10800000,9.04923333333333,6.65520702251004,2,15,NA,NA,NA,NA
"172",3355,1493270881416,1493271172399,10800000,4.84971666666667,1.63101971575249,15,20,NA,NA,NA,NA
"173",3355,1493272600392,1493272796394,10800000,3.2667,1.16969269439358,20,19,NA,NA,NA,NA
"174",3355,1493274483697,1493275675405,10800000,19.8618,6.44203420096513,19,6,NA,NA,NA,NA
"175",3355,1493830634435,1493831009435,10800000,6.25,3.75879596303059,6,11,NA,NA,NA,NA
"176",3355,1493831794425,1493832345440,10800000,9.18358333333333,3.45805345905736,11,15,NA,NA,NA,NA
"177",3355,1493879088538,1493879312865,10800000,3.73878333333333,1.20074532787926,15,12,NA,NA,NA,NA
"178",3355,1493881101538,1493882376540,10800000,21.2500333333333,7.44862551278566,12,6,NA,NA,NA,NA
"179",3355,1493920086611,1493920777605,10800000,11.5165666666667,7.20323371591306,6,15,NA,NA,NA,NA
"180",3355,1493969174680,1493970134723,10800000,16.0007166666667,7.80343027064817,15,6,NA,NA,NA,NA
"181",3355,1494002214758,1494003066747,10800000,14.1998166666667,7.38484678651628,6,15,NA,NA,NA,NA
"182",3355,1494396330494,1494396611488,10800000,4.68323333333333,1.5638917353386,15,20,NA,NA,NA,NA
"183",3355,1494398082459,1494398995485,10800000,15.2171,7.25341316756073,20,6,NA,NA,NA,NA
"184",3355,1494435309663,1494436194554,10800000,14.7481833333333,7.32131227524147,6,15,NA,NA,NA,NA
"185",3355,1494479596627,1494480109637,10800000,8.55016666666667,3.61680837038473,1,11,NA,NA,NA,NA
"186",3355,1494481096648,1494481594637,10800000,8.29981666666667,3.96903004956234,11,6,FALSE,-1,-1,1
"187",3355,1495695625954,1495696511956,10800000,14.7667,7.29404433788102,1,6,FALSE,-1,-1,1
"188",3355,1495724639835,1495728956994,10800000,71.95265,5.40134572709853,6,8,FALSE,-1,-1,4
"189",3355,1495731721826,1495731988998,10800000,4.45286666666667,1.71340900638734,8,20,FALSE,-1,-1,0
"190",3355,1495744334710,1495744641997,10800000,5.12145,1.06802989880653,20,15,FALSE,-1,-1,2
"191",3355,1495780494061,1495780982047,10800000,8.1331,2.40674044532742,15,7,TRUE,2,0.0585052330114613,4
"192",3355,1495782270750,1495784128044,10800000,30.9549,8.19664918102438,7,14,FALSE,-1,-1,2
"193",3355,1496078024932,1496079075674,10800000,17.5123666666667,8.79663411086334,6,8,FALSE,-1,-1,4
"194",3355,1496081868849,1496082193674,10800000,5.41375,1.82254834163239,8,15,FALSE,-1,-1,0
"195",3355,1496126210962,1496127733726,10800000,25.3794,8.04125635110083,15,6,TRUE,1,0.728783916961848,4
"196",3355,1496160415011,1496161390791,10800000,16.263,7.14575321959052,6,15,TRUE,1,0.347522401185029,4
"197",3355,1496162836775,1496163406781,10800000,9.5001,3.24519385195746,15,8,TRUE,3,0.0819245244100288,4
"198",3355,1496175382916,1496175748779,10800000,6.09771666666667,1.76051780061302,8,15,FALSE,-1,-1,0
"199",3355,1496211358716,1496212410725,10800000,17.5334833333333,7.9516312837412,15,6,TRUE,2,0.17011258465744,4
"200",3355,1496264670210,1496264988494,10800000,5.30473333333333,1.49836279532268,8,15,TRUE,1,0.200000000000316,1
"201",3355,1496296535523,1496296828521,10800000,4.8833,1.19289318305609,15,12,TRUE,3,0.114808004174059,4
"202",3355,1496301799299,1496301993527,10800000,3.23713333333333,1.3219199935999,14,6,TRUE,1,0.962533642522902,1
"203",3355,1496335920795,1496336762859,10800000,14.0344,7.35460677025706,6,15,TRUE,1,0.831071974284053,4
"204",3355,1496385093643,1496386343651,10800000,20.8334666666667,7.88870922773609,15,6,TRUE,1,0.828815424214938,4
"205",3453,1490077897479,1490080099549,7200000,31.6686166666667,9.69502050895898,4,15,NA,NA,NA,NA
"206",3453,1490340488273,1490340783267,7200000,4.6998,1.77374364697899,13,23,NA,NA,NA,NA
"207",3453,1490682402141,1490685104162,10800000,43.4019666666667,13.5293157498058,8,11,NA,NA,NA,NA
"208",3453,1490691979391,1490693211464,10800000,19.9169333333333,8.01280085731831,11,23,NA,NA,NA,NA
"209",3453,1490773958458,1490775837490,10800000,31.3172,9.34242255630807,27,23,NA,NA,NA,NA
"210",3453,1490853265902,1490854225835,10800000,15.9988833333333,5.13485179860158,30,23,NA,NA,NA,NA
"211",3453,1490897176020,1490897949037,10800000,12.8836166666667,10.5782610547816,22,8,NA,NA,NA,NA
"212",3453,1490934986428,1490936175459,10800000,19.8171833333333,13.4737754033228,8,16,NA,NA,NA,NA
"213",3453,1490948604814,1490949348830,10800000,12.4002666666667,6.79663726348412,16,23,NA,NA,NA,NA
"214",3453,1491282240388,1491286734822,10800000,74.9072333333333,19.6001941197365,8,1,NA,NA,NA,NA
"215",3453,1491296934246,1491299037334,10800000,23.8339166666667,8.43833313676319,11,23,NA,NA,NA,NA
"216",3453,1491327669153,1491329535626,10800000,31.1078833333333,14.2119252074897,23,8,NA,NA,NA,NA
"217",3453,1491374871504,1491376869197,10800000,33.2948833333333,14.5338673403255,8,23,NA,NA,NA,NA
"218",3453,1491410643784,1491412225786,10800000,26.3667,12.726996011659,5,8,NA,NA,NA,NA
"219",3453,1491450367359,1491452276885,10800000,31.8254333333333,15.3129889956301,8,29,NA,NA,NA,NA
"220",3453,1491458078422,1491460321765,10800000,37.38905,12.7791028339157,29,14,NA,NA,NA,NA
"221",3453,1491464125565,1491465192910,10800000,17.7890833333333,0.341426426794813,16,23,NA,NA,NA,NA
"222",3453,1491500106159,1491501145176,10800000,17.31695,8.34614396107801,23,25,NA,NA,NA,NA
"223",3453,1491566334433,1491572484301,10800000,102.4978,6.75069762681943,8,1,NA,NA,NA,NA
"224",3453,1491573295918,1491573536913,10800000,4.01658333333333,1.45079496684537,1,12,NA,NA,NA,NA
"225",3453,1491589226633,1491590077682,10800000,14.18415,11.7141865180278,23,4,NA,NA,NA,NA
"226",3453,1491590946724,1491591203743,10800000,4.28365,2.07785637974869,4,8,NA,NA,NA,NA
"227",3453,1491640886576,1491641739678,10800000,14.2183666666667,4.65158908676638,8,17,NA,NA,NA,NA
"228",3453,1491648521145,1491649868112,10800000,22.44945,7.55736613836577,19,21,NA,NA,NA,NA
"229",3453,1491655245556,1491656256377,10800000,16.8470166666667,7.03246810291812,8,7,NA,NA,NA,NA
"230",3453,1491658294892,1491659375985,10800000,18.0182166666667,5.72559147035737,7,2,NA,NA,NA,NA
"231",3453,1491663406578,1491664125650,10800000,11.9845333333333,7.06843862438646,2,18,NA,NA,NA,NA
"232",3453,1491676410625,1491677025636,10800000,10.2501833333333,1.48409169748192,3,8,NA,NA,NA,NA
"233",3453,1491715026559,1491716070148,10800000,17.39315,14.2447831995229,8,10,NA,NA,NA,NA
"234",3453,1491721965681,1491723892921,10800000,32.1206666666667,17.2141779642133,10,3,NA,NA,NA,NA
"235",3453,1491746183776,1491748048926,10800000,31.0858333333333,19.2612801442983,10,2,NA,NA,NA,NA
"236",3453,1491798692991,1491800180043,10800000,24.7842,1.83873902585778,8,16,NA,NA,NA,NA
"237",3453,1491808303037,1491809130924,10800000,13.7981166666667,6.71196988964089,16,23,NA,NA,NA,NA
"238",3453,1491844102069,1491845080304,10800000,16.3039166666667,10.6161521389277,23,17,NA,NA,NA,NA
"239",3453,1491887922212,1491892295342,10800000,72.8855,18.3031451200668,8,23,NA,NA,NA,NA
"240",3453,1491922534604,1491925376967,10800000,47.3727166666667,13.6104939396528,23,4,NA,NA,NA,NA
"241",3453,1491928161158,1491929221168,10800000,17.6668333333333,5.99889254576535,20,6,NA,NA,NA,NA
"242",3453,1491974355078,1491978455922,10800000,68.3474,19.1222984090582,8,23,NA,NA,NA,NA
"243",3453,1492014839441,1492019154105,10800000,71.9110666666667,25.5550356370486,23,8,NA,NA,NA,NA
"244",3453,1492059744695,1492063260017,10800000,58.5887,17.6392248049989,8,23,NA,NA,NA,NA
"245",3453,1493407245255,1493408431418,10800000,19.7693833333333,8.83432950496891,22,4,NA,NA,NA,NA
"246",3453,1494578948224,1494580452256,10800000,25.0672,13.2487901323381,8,23,NA,NA,NA,NA
"247",3453,1495006538571,1495008619066,10800000,34.6749166666667,13.1194190383734,8,23,TRUE,1,0.91152455700638,5
"248",3453,1495039839415,1495040795454,10800000,15.9339833333333,10.1282237163166,23,17,FALSE,4,0.0198631357185727,4
"249",3453,1495048280838,1495048972751,10800000,11.5318833333333,6.16623149137771,17,8,FALSE,-1,-1,1
"250",3453,1495083648912,1495085769486,10800000,35.3429,14.8091482807789,9,23,TRUE,2,0.2566194235881,6
"251",3453,1495213390270,1495214368339,10800000,16.30115,10.641691584352,23,17,FALSE,4,0.0250345302629862,4
"252",3453,1495620051465,1495621572599,10800000,25.3522333333333,13.2911317482317,8,23,TRUE,1,0.755978583171243,5
"253",3453,1495652163640,1495653105156,10800000,15.6919333333333,6.17140132571338,17,8,FALSE,-1,-1,1
"254",3453,1495736299309,1495736901904,10800000,10.04325,7.30546610628175,23,26,FALSE,-1,-1,4
"255",3453,1495784641595,1495786327594,10800000,28.0999833333333,12.9662544453817,8,23,TRUE,1,0.694751125513992,5
"256",3453,1495811583099,1495815306330,10800000,62.05385,18.6850771105241,23,24,FALSE,-1,-1,4
"257",3453,1495820091834,1495820975843,10800000,14.7334833333333,8.97834043577503,24,8,FALSE,-1,-1,1
"258",3453,1496042477790,1496043745221,10800000,21.12385,13.2396243664072,8,23,TRUE,1,0.343534945207426,5
"259",3453,1496064419483,1496066643864,10800000,37.0730166666667,16.0827409799833,8,0,FALSE,-1,-1,5
"260",3453,1496067731629,1496070401697,10800000,44.5011333333333,23.1884819808817,0,21,FALSE,-1,-1,1
"261",3453,1496163437655,1496165020325,10800000,26.3778333333333,13.0361228993646,23,8,TRUE,1,0.570228720828517,4
"262",3453,1496241515868,1496244340414,10800000,47.0757666666667,15.292889106833,23,4,TRUE,2,0.212599756085613,4
"263",3453,1496328181169,1496329079348,10800000,14.96965,7.55218061115822,23,16,FALSE,-1,-1,4
"264",3453,1496389303664,1496390234527,10800000,15.5143833333333,9.2266592661965,27,23,TRUE,1,0.261041973590765,1
"265",3453,1496430452542,1496431449487,10800000,16.61575,9.64510291576,28,14,FALSE,-1,-1,0
"266",3559,1486748841514,1486750328492,7200000,24.16615,17.8812306698216,10,5,NA,NA,NA,NA
"267",3559,1486755400685,1486755917703,7200000,8.04985,4.0494341446638,14,15,NA,NA,NA,NA
"268",3559,1486757213672,1486757850686,7200000,10.6033,5.73258311652952,15,5,NA,NA,NA,NA
"269",3559,1486765713121,1486767547203,7200000,28.7159166666667,18.1855635677959,5,27,NA,NA,NA,NA
"270",3559,1486799934985,1486802127201,7200000,33.3538166666667,14.3254981290725,27,6,NA,NA,NA,NA
"271",3559,1486804995181,1486808034311,7200000,48.20205,23.1427256190584,6,27,NA,NA,NA,NA
"272",3559,1486821694421,1486822072391,7200000,5.78285,1.4300378586349,10,11,NA,NA,NA,NA
"273",3559,1486824869589,1486825712339,7200000,13.6956833333333,0.634685890913005,10,27,NA,NA,NA,NA
"274",3559,1486831439300,1486831747326,7200000,4.73345,2.08814304838072,27,11,NA,NA,NA,NA
"275",3559,1486975770272,1486979392926,7200000,60.0121166666667,28.3883741884713,18,33,NA,NA,NA,NA
"276",3559,1486981433921,1486981884511,7200000,7.49253333333333,2.41716222514197,37,27,NA,NA,NA,NA
"277",3559,1486997946810,1486998847896,7200000,14.3669666666667,5.60050678510052,28,0,NA,NA,NA,NA
"278",3559,1486999766816,1487003268942,7200000,58.0497333333333,10.9715069117808,0,27,NA,NA,NA,NA
"279",3559,1487060247084,1487064780934,7200000,74.3818,33.841793006513,16,27,NA,NA,NA,NA
"280",3559,1487075701875,1487079881134,7200000,69.6384833333333,16.1949549788117,10,27,NA,NA,NA,NA
"281",3559,1487091740286,1487092842317,7200000,18.20035,0.548858571659077,11,11,NA,NA,NA,NA
"282",3559,1487092843309,1487094932815,7200000,27.5742666666667,6.15561660172372,11,11,NA,NA,NA,NA
"283",3559,1487099911291,1487100057301,7200000,2.25035,0.480556772394346,31,11,NA,NA,NA,NA
"284",3559,1487148520280,1487153865308,7200000,87.6176666666667,7.05453467645289,2,33,NA,NA,NA,NA
"285",3559,1487156131033,1487156653581,7200000,8.6427,3.71407426027538,37,27,NA,NA,NA,NA
"286",3559,1487162557942,1487167711989,7200000,84.6507833333333,15.8267030987642,10,1,NA,NA,NA,NA
"287",3559,1487179392964,1487181132716,7200000,28.5958666666667,24.2589159435585,9,27,NA,NA,NA,NA
"288",3559,1487578360020,1487579075108,7200000,11.7851333333333,3.58158093273551,27,33,NA,NA,NA,NA
"289",3559,1487580879840,1487583195761,7200000,37.7643333333333,13.6974856844926,35,27,NA,NA,NA,NA
"290",3559,1487602963993,1487605316276,7200000,38.5044,6.930121199859,18,27,NA,NA,NA,NA
"291",3559,1487609197346,1487609645338,7200000,7.11593333333333,1.57331794107582,10,11,NA,NA,NA,NA
"292",3559,1487612308269,1487615300235,7200000,48.49995,4.91880207520888,16,27,NA,NA,NA,NA
"293",3559,1487619585241,1487619827276,7200000,3.91711666666667,2.21664084209969,18,33,NA,NA,NA,NA
"294",3559,1487630364446,1487631498373,7200000,18.58235,13.9195047577936,17,27,NA,NA,NA,NA
"295",3559,1487665252701,1487668773054,7200000,57.8898666666667,18.8257723332315,27,7,NA,NA,NA,NA
"296",3559,1487675584065,1487675953665,7200000,4.27548333333333,1.8607658627133,29,27,NA,NA,NA,NA
"297",3559,1487695629738,1487696089747,7200000,6.76658333333333,3.09295224947148,10,11,NA,NA,NA,NA
"298",3559,1487701200716,1487701369818,7200000,2.75091666666667,0.939000705535671,10,27,NA,NA,NA,NA
"299",3559,1487704371800,1487706898201,7200000,41.8898833333333,34.3646342214687,27,11,NA,NA,NA,NA
"300",3559,1487710963382,1487711260375,7200000,4.3322,1.88585627046868,11,27,NA,NA,NA,NA
"301",3559,1487753794292,1487755087265,7200000,21.1653333333333,6.34515672207989,19,26,NA,NA,NA,NA
"302",3559,1487757162184,1487758480211,7200000,21.8165666666667,11.7450229735962,23,27,NA,NA,NA,NA
"303",3559,1487778418202,1487780536037,7200000,34.58055,16.0890369231896,27,5,NA,NA,NA,NA
"304",3559,1487780537015,1487782195033,7200000,27.2828166666667,16.4883715293231,5,27,NA,NA,NA,NA
"305",3559,1487794413976,1487794652664,7200000,3.97813333333333,1.67139157226127,31,27,NA,NA,NA,NA
"306",3559,1487843134839,1487848017683,7200000,80.5645,43.4274518718175,27,27,NA,NA,NA,NA
"307",3559,1487868766819,1487869094683,7200000,3.83155,1.5172527656749,22,11,NA,NA,NA,NA
"308",3559,1487873740479,1487874155472,7200000,6.71688333333333,2.10733493727691,11,27,NA,NA,NA,NA
"309",3559,1487924301038,1487926181056,7200000,30.9675333333333,1.23492856817062,21,4,NA,NA,NA,NA
"310",3559,1487943593238,1487943928178,7200000,5.06643333333333,1.27605107338337,10,27,NA,NA,NA,NA
"311",3559,1487949089930,1487949645930,7200000,8.54968333333333,2.26481710155657,16,8,NA,NA,NA,NA
"312",3559,1487951384937,1487952361494,7200000,16.07585,6.03312059069734,8,10,FALSE,-1,-1,1
"313",3559,1487958451016,1487961196074,7200000,43.36755,15.9487235394236,27,11,TRUE,1,0.517573699979491,4
"314",3559,1487968454700,1487968740783,7200000,4.31673333333333,1.41805036171361,31,27,TRUE,2,0.0720956077428894,2
"315",3559,1487973884743,1487974191718,7200000,5.01625,2.37800441179972,18,33,FALSE,-1,-1,2
"316",3559,1487976685500,1487977087716,7200000,4.95333333333333,2.39134918695489,12,27,TRUE,1,0.737590867577179,1
"317",3559,1488008292853,1488009489879,7200000,19.7501166666667,13.5292599186858,38,6,FALSE,-1,-1,0
"318",3559,1488011717267,1488012169206,7200000,6.58348333333333,1.62314100024046,6,34,FALSE,-1,-1,1
"319",3559,1488015806217,1488017723203,7200000,31.8997333333333,28.8332481849783,6,27,FALSE,-1,-1,0
"320",3559,1488041638287,1488042023230,7200000,5.83205,3.21843840758097,10,11,TRUE,1,0.623839000485595,2
"321",3559,1488046331967,1488046523334,7200000,2.97221666666667,0.506564575653523,10,27,TRUE,2,0.316704865105181,2
"322",3559,1488095712445,1488097521424,7200000,28.7499333333333,6.72105945024209,10,38,FALSE,-1,-1,2
"323",3559,1488566905116,1488567178234,7200000,4.03338333333333,2.10853760365366,15,24,FALSE,-1,-1,0
"324",3559,1488888084933,1488888485950,7200000,4.91641666666667,2.43144341412434,37,10,FALSE,-1,-1,1
"325",3559,1489007390525,1489011708621,7200000,69.3498166666667,20.8835660927045,36,27,FALSE,-1,-1,3
"326",3559,1489425971703,1489427473689,7200000,24.56665,8.02024609746267,20,30,FALSE,-1,-1,0
"327",3559,1489512851699,1489513116698,7200000,3.73331666666667,0.94866584528303,3,13,FALSE,-1,-1,1
"328",3559,1489574364558,1489576169534,7200000,29.7665,30.3079034403477,33,27,TRUE,2,0.252560765640068,2
"329",3559,1491802829664,1491805496383,10800000,44.4453166666667,56.0874022981209,25,2,FALSE,-1,-1,0
"330",3559,1493393205337,1493394106174,10800000,15.01395,7.93381633273145,32,11,TRUE,2,0.125412518123693,6
"331",5555,1492342605017,1492345066792,3600000,41.0295833333333,4.12931314510871,23,10,NA,NA,NA,NA
"332",5555,1492345093782,1492345607002,3600000,8.55366666666667,8.29183073376056,10,23,NA,NA,NA,NA
"333",5555,1492350958999,1492351466006,3600000,8.45011666666667,0.795493061279711,25,11,NA,NA,NA,NA
"334",5555,1492353845995,1492354201954,3600000,5.93265,4.01817507761898,11,23,NA,NA,NA,NA
"335",5555,1492442121278,1492442484293,3600000,6.05025,4.67333326217937,49,23,NA,NA,NA,NA
"336",5555,1492516267599,1492517750583,3600000,24.7164,9.68424050751045,8,17,NA,NA,NA,NA
"337",5555,1492520363690,1492522272661,3600000,31.8161833333333,11.2836507564156,32,23,NA,NA,NA,NA
"338",5555,1492689276253,1492690971224,3600000,28.2495166666667,10.9450003328218,13,17,NA,NA,NA,NA
"339",5555,1492693886248,1492695426235,3600000,25.66645,10.7743500247948,57,23,NA,NA,NA,NA
"340",5555,1493451879307,1493456758277,3600000,81.3161666666667,85.212020311192,23,62,NA,NA,NA,NA
"341",5555,1493488661377,1493491903299,3600000,54.0320333333333,78.6151813950365,26,23,NA,NA,NA,NA
"342",5555,1493548863558,1493551238529,3600000,39.58285,1.30215553956998,51,23,NA,NA,NA,NA
"343",5555,1493633750726,1493634285759,3600000,8.91721666666667,7.07709465869872,23,59,NA,NA,NA,NA
"344",5555,1493637973770,1493638307776,3600000,5.56676666666667,5.28209649150881,32,23,NA,NA,NA,NA
"345",5555,1493644702689,1493648021686,3600000,55.3166166666667,33.1555281631926,39,23,NA,NA,NA,NA
"346",5555,1493709767926,1493710410929,3600000,10.7167166666667,7.11430627364127,38,19,NA,NA,NA,NA
"347",5555,1494345304911,1494346020679,3600000,11.9294666666667,7.7694076666232,23,45,NA,NA,NA,NA
"348",5555,1494353105509,1494353339675,3600000,3.90276666666667,2.54576830458685,30,23,NA,NA,NA,NA
"349",5555,1494443988073,1494448554920,3600000,76.1141166666667,14.0562616783594,30,23,NA,NA,NA,NA
"350",5555,1494487384093,1494488536123,3600000,19.2005,14.3522541419403,13,23,NA,NA,NA,NA
"351",5555,1494496533270,1494497224139,3600000,11.5144833333333,6.07145241407727,20,23,NA,NA,NA,NA
"352",5555,1494504231515,1494506113164,3600000,31.3608166666667,10.6016915166947,53,59,NA,NA,NA,NA
"353",5555,1494508315794,1494510172152,3600000,30.9393,10.790135895054,57,23,NA,NA,NA,NA
"354",5555,1494522340975,1494523600175,3600000,20.9866666666667,13.21213147764,23,46,NA,NA,NA,NA
"355",5555,1494530124186,1494533853183,3600000,62.14995,45.7882828469994,52,27,NA,NA,NA,NA
"356",5555,1494534809179,1494535184163,3600000,6.24973333333333,3.90598133323873,27,23,NA,NA,NA,NA
"357",5555,1494573756311,1494577094360,3600000,55.63415,31.8450917647218,20,23,NA,NA,NA,NA
"358",5555,1494590619278,1494592173325,3600000,25.9007833333333,10.3360059134521,53,17,NA,NA,NA,NA
"359",5555,1494595094003,1494597340355,3600000,37.4392,10.3275351325313,31,23,NA,NA,NA,NA
"360",5555,1494602738569,1494603318378,3600000,9.66348333333333,7.52477662373777,23,10,NA,NA,NA,NA
"361",5555,1494607634076,1494608039370,3600000,6.7549,6.39005333573925,1,23,NA,NA,NA,NA
"362",5555,1494655387120,1494656083497,3600000,11.6062833333333,7.52580249330754,23,10,NA,NA,NA,NA
"363",5555,1494676700806,1494681969546,3600000,87.8123333333333,79.4584822101768,28,10,NA,NA,NA,NA
"364",5555,1494685741812,1494685962569,3600000,3.67928333333333,3.25745999801168,36,23,NA,NA,NA,NA
"365",5555,1494759514604,1494759904795,3600000,6.50318333333333,4.09890653767088,11,23,NA,NA,NA,NA
"366",5555,1494762608818,1494766017802,3600000,56.8164,6.4349672757879,6,23,NA,NA,NA,NA
"367",5555,1494769816638,1494771049818,3600000,20.553,5.14550416318528,11,27,NA,NA,NA,NA
"368",5555,1494772952823,1494773165820,3600000,3.54995,2.51140618918767,30,23,NA,NA,NA,NA
"369",5555,1494782371074,1494783717837,3600000,22.44605,5.45268117469358,34,23,NA,NA,NA,NA
"370",5555,1494838508815,1494840021836,3600000,25.2170166666667,25.3412905136049,6,16,NA,NA,NA,NA
"371",5555,1494842380818,1494844474875,3600000,34.90095,26.7230699104312,9,18,NA,NA,NA,NA
"372",5555,1494848041872,1494851442851,3600000,56.6829833333333,19.6497769641015,44,17,NA,NA,NA,NA
"373",5555,1494853965781,1494856124848,3600000,35.98445,12.6764150397028,57,23,NA,NA,NA,NA
"374",5555,1494915442029,1494915653042,3600000,3.51688333333333,2.25029726133439,29,27,NA,NA,NA,NA
"375",5555,1494951429606,1494952701088,3600000,21.1913666666667,8.81552677037801,20,23,NA,NA,NA,NA
"376",5555,1494957984706,1494960087201,3600000,35.0415833333333,5.31200110983952,30,23,NA,NA,NA,NA
"377",5555,1495012430284,1495012961368,3600000,8.8514,3.95977947124398,27,23,NA,NA,NA,NA
"378",5555,1495028341151,1495033374425,3600000,83.8879,101.021396776908,8,2,NA,NA,NA,NA
"379",5555,1495037470341,1495038818421,3600000,22.468,7.637064848662,2,60,NA,NA,NA,NA
"380",5555,1495038949434,1495045025419,3600000,101.266416666667,106.520431713804,60,23,NA,NA,NA,NA
"381",5555,1495047868123,1495048002463,3600000,2.239,0.947751708830778,7,27,NA,NA,NA,NA
"382",5555,1495092142589,1495093347632,3600000,20.08405,14.5549326242096,30,23,NA,NA,NA,NA
"383",5555,1495121598671,1495122770700,3600000,19.5338166666667,4.02013479086712,27,23,NA,NA,NA,NA
"384",5555,1495127196691,1495128304704,3600000,18.4668833333333,13.1847090461521,23,46,NA,NA,NA,NA
"385",5555,1495134420704,1495135979707,3600000,25.9833833333333,16.0439919544155,12,23,NA,NA,NA,NA
"386",5555,1495183560108,1495184692908,3600000,18.88,22.1044155830397,40,61,NA,NA,NA,NA
"387",5555,1495187168911,1495190119917,3600000,49.1834333333333,36.1249657755743,58,23,NA,NA,NA,NA
"388",5555,1495197368231,1495197637346,3600000,4.48525,3.04587338871104,3,23,NA,NA,NA,NA
"389",5555,1495207228914,1495207377370,3600000,2.47426666666667,1.25707887235501,30,27,NA,NA,NA,NA
"390",5555,1495210031604,1495210200859,3600000,2.82091666666667,1.61924053172137,20,23,NA,NA,NA,NA
"391",5555,1495223172573,1495223487392,3600000,5.24698333333333,3.48493945551763,47,27,NA,NA,NA,NA
"392",5555,1495290026124,1495290509686,3600000,8.05936666666667,6.36566494691866,23,64,NA,NA,NA,NA
"393",5555,1495293269677,1495293478669,3600000,3.4832,3.21385244817916,25,23,NA,NA,NA,NA
"394",5555,1495305806700,1495307538703,3600000,28.8667166666667,5.75073935089222,29,23,NA,NA,NA,NA
"395",5555,1495369724103,1495370544956,3600000,13.6808833333333,4.13629204282296,23,27,NA,NA,NA,NA
"396",5555,1495372943964,1495373293933,3600000,5.83281666666667,4.01830046836832,11,23,NA,NA,NA,NA
"397",5555,1495436971315,1495438028143,3600000,17.6138,3.11138806998045,38,23,NA,NA,NA,NA
"398",5555,1495454662899,1495456574154,3600000,31.85425,12.329095225038,20,17,NA,NA,NA,NA
"399",5555,1495458785131,1495460553151,3600000,29.467,10.8658213898452,57,23,NA,NA,NA,NA
"400",5555,1495540875322,1495542886347,3600000,33.5170833333333,11.1463085051748,13,17,NA,NA,NA,NA
"401",5555,1495545578337,1495547385348,3600000,30.11685,11.2117156622637,57,23,NA,NA,NA,NA
"402",5555,1495618506259,1495618841554,3600000,5.58825,3.01550448745723,20,33,NA,NA,NA,NA
"403",5555,1495621606534,1495622140567,3600000,8.90055,6.58627798759516,30,18,NA,NA,NA,NA
"404",5555,1495624556672,1495628253589,3600000,61.6152833333333,22.7524019078022,50,17,NA,NA,NA,NA
"405",5555,1495630821568,1495632407587,3600000,26.43365,10.4123685029526,64,23,NA,NA,NA,NA
"406",5555,1495980191069,1495980379189,3600000,3.13533333333333,3.24880284167188,25,23,NA,NA,NA,NA
"407",5555,1495982597878,1495982896395,3600000,4.97528333333333,4.13840431924573,23,11,NA,NA,NA,NA
"408",5555,1495983863392,1495984146282,3600000,4.71483333333333,4.07551286364189,11,23,NA,NA,NA,NA
"409",5555,1495989866479,1495990321447,3600000,7.5828,7.13971435486295,23,59,NA,NA,NA,NA
"410",5555,1495992722734,1495992873545,3600000,2.51351666666667,2.27133715952833,5,23,NA,NA,NA,NA
"411",5555,1496047422597,1496047770898,3600000,5.80501666666667,5.02249210677295,14,10,NA,NA,NA,NA
"412",5555,1496051120329,1496052782242,3600000,27.69855,6.60410539116124,56,23,NA,NA,NA,NA
"413",5555,1496067960818,1496068387982,3600000,7.1194,4.10478275427696,23,27,NA,NA,NA,NA
"414",5555,1496069989167,1496070383274,3600000,6.56845,3.83445239345729,27,23,NA,NA,NA,NA
"415",5555,1496145346209,1496147207545,3600000,31.0222666666667,11.0634722227935,13,17,NA,NA,NA,NA
"416",5555,1496150334436,1496151510392,3600000,19.5992666666667,9.06909350886082,27,23,NA,NA,NA,NA
"417",5555,1496160587388,1496162096397,3600000,25.15015,5.45024682781403,34,23,NA,NA,NA,NA
"418",5555,1496227961854,1496228301568,3600000,5.6619,3.64834663786162,23,27,NA,NA,NA,NA
"419",5555,1496234050776,1496235426581,3600000,22.9300833333333,14.4275224341644,24,10,FALSE,-1,-1,0
"420",5555,1496237824343,1496239018589,3600000,19.9041,14.4424018505703,14,65,FALSE,-1,-1,1
"421",5555,1496251348563,1496253313665,3600000,32.7517,20.2811177682733,21,23,TRUE,3,0.156074723704129,3
"422",5555,1496312397242,1496313832774,3600000,23.9255333333333,24.1621950557321,63,4,FALSE,-1,-1,2
"423",5555,1496315733156,1496317183767,3600000,24.17685,24.570758168419,41,23,FALSE,-1,-1,0
"424",5555,1496319487771,1496321367764,3600000,31.3332166666667,8.75723242087387,15,23,TRUE,1,0.728409678716402,1
"425",5555,1496327202744,1496333830876,3600000,109.67455,105.140525428855,20,35,NA,NA,NA,NA
"426",5555,1496353054831,1496359890584,3600000,113.929216666667,111.6530978692,35,23,NA,NA,NA,NA
"427",5555,1496399901045,1496400380682,3600000,7.99395,4.77410596793287,23,33,FALSE,-1,-1,5
"428",5555,1496404592917,1496406185680,3600000,26.54605,10.0467338446511,37,17,FALSE,-1,-1,1
"429",5555,1496409159918,1496410865713,3600000,28.4299166666667,11.3228933623999,32,23,TRUE,1,0.487423447383967,1
"430",5555,1496411991702,1496412431701,3600000,7.33331666666667,4.1039675535064,23,27,TRUE,3,0.110858893871276,5
"431",5555,1496414100766,1496414548704,3600000,7.46563333333333,3.88631405520728,27,23,TRUE,1,0.485620257075584,1
"432",5555,1496474184404,1496476916845,3600000,45.5406833333333,18.9555163195899,23,54,FALSE,-1,-1,6
"433",5555,1496480355823,1496480833856,3600000,7.96721666666667,9.14158919853797,42,23,FALSE,-1,-1,0
"434",5555,1496492815828,1496493318851,3600000,8.38371666666667,7.14645034700925,23,59,TRUE,2,0.106871323950345,6
"435",5555,1496496936925,1496497187880,3600000,4.18258333333333,4.55110078796188,43,23,FALSE,-1,-1,1
"436",5555,1496498563473,1496499012854,3600000,7.48968333333333,6.36283391403998,23,64,TRUE,2,0.283568131873187,6
"437",5555,1496501721931,1496501884834,3600000,2.71505,2.09621233144541,5,23,TRUE,1,0.156133911150324,1
"438",5555,1496511707284,1496512094871,3600000,6.45978333333333,3.97653289483337,23,27,TRUE,2,0.153195028444677,6
"439",5555,1496557474779,1496558055623,3600000,9.68073333333333,7.52964729125945,23,10,TRUE,1,0.331209089637372,6
"440",5555,1496560574966,1496565921002,3600000,89.1006,46.1607554242811,10,0,FALSE,-1,-1,1
"441",5555,1496605278312,1496605658297,3600000,6.33308333333333,5.33620935808367,10,48,FALSE,-1,-1,1
"442",5555,1496647266932,1496648560458,3600000,21.5587666666667,7.45856129333682,23,27,TRUE,1,0.365064576613141,5
"443",5555,1496662206479,1496662628493,3600000,7.03356666666667,4.71680135699612,23,33,FALSE,-1,-1,5
"444",5555,1496677103229,1496677384488,3600000,4.68765,2.76116171437232,23,15,FALSE,-1,-1,5
"445",5555,1496678278512,1496679843496,3600000,26.0830666666667,8.77516078187279,15,10,FALSE,-1,-1,1
"446",5555,1496679853522,1496680507499,3600000,10.8996166666667,8.3769560519241,10,23,TRUE,1,0.845130140610216,1
"447",5555,1496733270743,1496734781728,3600000,25.1830833333333,17.2509741380019,23,23,NA,NA,NA,NA
"448",5555,1496750393895,1496752103802,3600000,28.49845,10.6806655172114,13,59,TRUE,1,0.981330563790606,2
"449",5555,1496754300272,1496756275795,3600000,32.9253833333333,13.4893559083125,59,23,FALSE,-1,-1,0
"450",5555,1496765226509,1496767262828,3600000,33.93865,7.52375075424827,23,27,TRUE,3,0.11062759705304,5
"451",5555,1496768813630,1496769273857,3600000,7.67045,4.11517154288263,27,23,TRUE,1,0.805745991862447,1
"452",5555,1496820621023,1496821662028,3600000,17.3500833333333,2.83436338032221,38,23,TRUE,2,0.0465230050479739,2
"453",5555,1496833773574,1496835175050,3600000,23.3579333333333,21.6864539600009,23,55,FALSE,-1,-1,5
"454",5555,1496835931078,1496837125068,3600000,19.8998333333333,19.0794435994689,55,22,FALSE,-1,-1,0
"455",5555,1496838296268,1496842438091,3600000,69.0303833333333,95.1166402184106,22,2,FALSE,-1,-1,0
"456",5555,1496846043504,1496851639089,3600000,93.25975,98.1356808981434,2,23,FALSE,-1,-1,1
"457",5555,1496859268480,1496859704119,3600000,7.26065,4.10653788221688,23,27,TRUE,1,0.561556653679071,5
"458",5555,1496861319216,1496861767116,3600000,7.465,3.93595445201637,27,23,TRUE,1,0.744853546716867,1
"459",5555,1496906327880,1496907522279,3600000,19.90665,14.0763248631738,53,23,FALSE,-1,-1,2
"460",5659,1492251772922,1492259778246,7200000,133.422066666667,310.329800511259,19,6,NA,NA,NA,NA
"461",5659,1492867227099,1492868363271,7200000,18.9362,8.70475633343316,26,27,NA,NA,NA,NA
"462",5659,1492878812903,1492879978358,7200000,19.42425,9.38153197340744,27,26,NA,NA,NA,NA
"463",5659,1493545347068,1493554875042,7200000,158.799566666667,301.350150504559,26,20,NA,NA,NA,NA
"464",5659,1493558035839,1493562497953,7200000,74.3685666666667,180.601315363736,20,21,NA,NA,NA,NA
"465",5659,1493714131064,1493716091191,10800000,32.6687833333333,3.56610727851203,2,14,NA,NA,NA,NA
"466",5659,1493737673174,1493743178183,10800000,91.75015,104.856151824821,0,2,NA,NA,NA,NA
"467",5659,1493823625668,1493826373541,10800000,45.7978833333333,9.34717941673385,3,8,NA,NA,NA,NA
"468",5659,1493879153636,1493879796420,10800000,10.7130666666667,6.42473463378752,8,3,NA,NA,NA,NA
"469",5659,1493925120901,1493926553875,10800000,23.8829,15.5570111686963,23,8,NA,NA,NA,NA
"470",5659,1493966348906,1493966942452,10800000,9.89243333333333,5.54235859039011,8,3,NA,NA,NA,NA
"471",5659,1494007730171,1494007927187,10800000,3.2836,0.882766625366867,28,8,NA,NA,NA,NA
"472",5659,1494050896578,1494052080967,10800000,19.7398166666667,14.9679048298685,8,15,NA,NA,NA,NA
"473",5659,1494070245788,1494071388784,10800000,19.0499333333333,9.54253047228015,15,5,NA,NA,NA,NA
"474",5659,1494072978208,1494074200102,10800000,20.3649,8.82812597931406,5,28,NA,NA,NA,NA
"475",5659,1494149815791,1494150531155,10800000,11.9227333333333,8.30787100260909,28,5,NA,NA,NA,NA
"476",5659,1494152973113,1494154703112,10800000,28.8333166666667,26.3509256334402,5,13,NA,NA,NA,NA
"477",5659,1494156128841,1494156709083,10800000,9.6707,2.0569996710952,13,10,NA,NA,NA,NA
"478",5659,1494175557529,1494177172322,10800000,26.9132166666667,23.2155582154077,16,8,NA,NA,NA,NA
"479",5659,1494225162734,1494225656915,10800000,8.23635,4.90301881297183,8,3,NA,NA,NA,NA
"480",5659,1494259601890,1494260950982,10800000,22.4848666666667,16.8243190661385,4,8,NA,NA,NA,NA
"481",5659,1494321501221,1494325203710,10800000,61.70815,13.3601666758596,8,24,NA,NA,NA,NA
"482",5659,1494331637020,1494332350032,10800000,11.8835333333333,2.03794998727004,17,8,NA,NA,NA,NA
"483",5659,1494436578289,1494437578280,10800000,16.6665166666667,7.27301908941838,3,8,NA,NA,NA,NA
"484",5659,1494486000318,1494486591306,10800000,9.8498,5.00945295756789,8,3,NA,NA,NA,NA
"485",5659,1494512560967,1494515176797,10800000,43.5971666666667,13.0086507115614,17,9,NA,NA,NA,NA
"486",5659,1494571663106,1494572258110,10800000,9.91673333333333,4.95250613333269,8,3,NA,NA,NA,NA
"487",5659,1494663899284,1494665622965,10800000,28.7280166666667,9.00355999459173,8,18,NA,NA,NA,NA
"488",5659,1494669895907,1494672399891,10800000,41.7330666666667,27.5255157892766,18,12,NA,NA,NA,NA
"489",5659,1494676727853,1494680672789,10800000,65.7489333333333,46.0940047338425,12,28,FALSE,-1,-1,0
"490",5659,1494685891741,1494687420735,10800000,25.4832333333333,9.02857454693862,28,29,FALSE,-1,-1,1
"491",5659,1494754711923,1494755314512,10800000,10.04315,3.72798734376234,8,30,FALSE,-1,-1,2
"492",5659,1494766784953,1494768077292,10800000,21.5389833333333,13.7794974995501,22,16,FALSE,-1,-1,0
"493",5659,1494786501286,1494788290136,10800000,29.8141666666667,23.2668759258945,16,8,TRUE,1,0.52882675305423,1
"494",5659,1494831034090,1494834283041,10800000,54.1491833333333,27.3791922289795,8,1,FALSE,-1,-1,2
"495",5659,1494835711958,1494841979679,10800000,104.462016666667,51.7882038862644,1,2,FALSE,-1,-1,0
"496",5659,1494843271556,1494843568069,10800000,4.94188333333333,2.64119823036916,2,8,FALSE,-1,-1,1
"497",5659,1495177935763,1495179236364,10800000,21.6766833333333,5.00829735871596,8,3,TRUE,1,0.966138836658731,2
"498",5659,1495207661977,1495210029958,10800000,39.46635,17.1297541079211,3,29,FALSE,-1,-1,1
"499",5659,1495358389109,1495358699124,10800000,5.16691666666667,1.99664595572416,28,2,FALSE,-1,-1,1
"500",5659,1495360115849,1495362782142,10800000,44.4382166666667,52.7386674520535,2,25,FALSE,-1,-1,0
"501",5659,1495442145928,1495449567687,10800000,123.695983333333,232.373847109898,11,7,NA,NA,NA,NA
"502",5659,1495452945276,1495464388813,10800000,190.725616666667,300.573376269743,7,26,NA,NA,NA,NA
"503",7411,1492334787621,1492335426627,10800000,10.6501,11.9697325599858,8,7,NA,NA,NA,NA
"504",7411,1492338397612,1492339574637,10800000,19.6170833333333,14.4955178612285,4,17,NA,NA,NA,NA
"505",7411,1492355650633,1492356339640,10800000,11.48345,9.31033927540869,0,22,NA,NA,NA,NA
"506",7411,1492427482078,1492428093535,10800000,10.19095,5.25586080121303,22,9,NA,NA,NA,NA
"507",7411,1492491599204,1492494293235,10800000,44.9005166666667,14.1278759873465,22,25,NA,NA,NA,NA
"508",7411,1492508829221,1492510692278,10800000,31.05095,5.27660108024794,25,28,NA,NA,NA,NA
"509",7411,1492515545031,1492517318027,10800000,29.5499333333333,17.4748128442829,28,25,NA,NA,NA,NA
"510",7411,1492525281335,1492527671645,10800000,39.8385,10.2808564447514,25,22,NA,NA,NA,NA
"511",7411,1492578554747,1492579488796,10800000,15.0175166666667,2.89681103248655,22,24,NA,NA,NA,NA
"512",7411,1492611482809,1492612781806,10800000,21.64995,7.74483384951207,25,24,NA,NA,NA,NA
"513",7411,1492697344016,1492697936023,10800000,9.86678333333333,2.48980689636226,22,24,NA,NA,NA,NA
"514",7411,1492698833012,1492699284003,10800000,7.51651666666667,1.89673690515765,24,22,NA,NA,NA,NA
"515",7411,1492752785170,1492752946181,10800000,2.68351666666667,1.29234419037492,12,22,NA,NA,NA,NA
"516",7411,1492848104838,1492851271411,10800000,52.7762166666667,9.94362379657833,22,20,NA,NA,NA,NA
"517",7411,1492853855428,1492854487426,10800000,10.5333,3.94484439821749,20,5,NA,NA,NA,NA
"518",7411,1492857974428,1492858528425,10800000,9.23328333333333,4.45369646028123,16,15,NA,NA,NA,NA
"519",7411,1492863957389,1492867919388,10800000,66.0333166666667,15.9259003466291,21,11,NA,NA,NA,NA
"520",7411,1492873714644,1492874187420,10800000,7.8796,6.66365955927144,26,7,NA,NA,NA,NA
"521",7411,1492882103439,1492882974432,10800000,14.51655,13.0878535961495,1,22,NA,NA,NA,NA
"522",7411,1492935741351,1492936195549,10800000,7.56996666666667,5.5052689942806,9,22,NA,NA,NA,NA
"523",7411,1492942830643,1492943651573,10800000,13.6821666666667,17.6965964799453,29,11,NA,NA,NA,NA
"524",7411,1492952204580,1492953011574,10800000,13.4499,10.2711833341888,30,22,NA,NA,NA,NA
"525",7411,1493010072714,1493011503708,10800000,23.8499,4.94632601199043,22,22,NA,NA,NA,NA
"526",7411,1493022260337,1493022878750,10800000,10.3068833333333,7.4631002740598,10,25,NA,NA,NA,NA
"527",7411,1493050781778,1493051257780,10800000,7.93336666666667,5.22556482524452,18,22,NA,NA,NA,NA
"528",7411,1493104299902,1493104563893,10800000,4.39985,1.76024482542659,6,24,NA,NA,NA,NA
"529",7411,1493110804909,1493111425911,10800000,10.3500333333333,2.40303826929668,13,25,NA,NA,NA,NA
"530",7411,1493130030027,1493132373958,10800000,39.0655166666667,11.1829780937108,25,5,NA,NA,NA,NA
"531",7411,1493135886968,1493137176965,10800000,21.49995,3.60733941544865,5,22,NA,NA,NA,NA
"532",7411,1493189489684,1493190263095,10800000,12.8901833333333,8.81575056789796,22,25,TRUE,2,0.0271176557807936,3
"533",7411,1493218968668,1493219834118,10800000,14.4241666666667,5.59498872182908,14,22,FALSE,-1,-1,1
"534",7411,1494396100911,1494398218918,10800000,35.3001166666667,12.898010949008,2,25,FALSE,-1,-1,0
"535",7411,1494434830984,1494434982979,10800000,2.53325,0.794081424878198,27,22,TRUE,1,0.49762261135239,1
"536",7411,1494824923193,1494827983677,10800000,51.0080666666667,14.2324078178668,22,25,TRUE,3,0.0567142257495993,3
"537",7411,1494866841568,1494868774750,10800000,32.2197,6.86861059270418,25,22,TRUE,1,0.1407056174029,4
"538",7411,1494912730210,1494914855835,10800000,35.4270833333333,11.1118751907897,24,25,FALSE,-1,-1,1
"539",7411,1494943671869,1494946082872,10800000,40.1833833333333,10.1100487608171,25,22,TRUE,1,0.354093683629453,4
"540",7411,1495000657212,1495001153974,10800000,8.27936666666667,4.30603723349425,19,25,FALSE,-1,-1,0
"541",7411,1495030372891,1495031660062,10800000,21.45285,7.88192931709643,25,24,TRUE,1,0.54324545509693,4
"542",7411,1495032510818,1495033442041,10800000,15.5203833333333,3.18616604518682,24,3,FALSE,-1,-1,1
"543",7411,1495040604058,1495041019084,10800000,6.9171,2.48326727554684,23,22,FALSE,-1,-1,0
"544",7533,1489131592046,1489132714051,7200000,17.7995166666667,11.5947632825764,32,23,NA,NA,NA,NA
"545",7533,1489164415552,1489165828797,7200000,23.533,11.6710323204031,0,3,NA,NA,NA,NA
"546",7533,1489390226336,1489392636888,7200000,38.0639,16.6644859119744,2,23,NA,NA,NA,NA
"547",7533,1489422296676,1489428119741,7200000,96.8800666666667,39.3828669096075,23,3,NA,NA,NA,NA
"548",7533,1489512161300,1489512832350,7200000,11.1340833333333,4.79852312696872,6,3,NA,NA,NA,NA
"549",7533,1489561396104,1489564625161,7200000,53.1009833333333,39.8360287720671,3,23,NA,NA,NA,NA
"550",7533,1489594407429,1489597691519,7200000,54.23335,38.7733982917309,23,3,NA,NA,NA,NA
"551",7533,1489644112072,1489646548694,7200000,40.293,28.6368752142751,3,17,NA,NA,NA,NA
"552",7533,1489652430593,1489653540668,7200000,17.9515833333333,12.7690830131508,18,23,NA,NA,NA,NA
"553",7533,1489680404810,1489683789860,7200000,53.3669166666667,38.6853813062288,23,3,NA,NA,NA,NA
"554",7533,1489735300210,1489737268640,7200000,32.2071166666667,20.8459655372711,24,23,NA,NA,NA,NA
"555",7533,1490029244543,1490032008579,7200000,45.23365,25.0068408490781,27,3,NA,NA,NA,NA
"556",7533,1490076136380,1490078622286,7200000,35.9342833333333,28.6728465024348,3,17,NA,NA,NA,NA
"557",7533,1490085254856,1490086584231,7200000,21.7231,14.3613998465032,17,23,NA,NA,NA,NA
"558",7533,1490111232657,1490114255064,7200000,49.09975,38.8036776435028,23,3,NA,NA,NA,NA
"559",7533,1490167831510,1490170522583,7200000,44.2329333333333,40.2939069416725,3,23,NA,NA,NA,NA
"560",7533,1490199218042,1490203367348,7200000,65.3832,39.0010512971123,23,3,NA,NA,NA,NA
"561",7533,1490249680804,1490254176751,7200000,74.93245,40.3353970176148,3,23,NA,NA,NA,NA
"562",7533,1490284981643,1490288040636,7200000,50.2168,34.4873439361502,23,6,NA,NA,NA,NA
"563",7533,1490334856678,1490338219112,7200000,55.3380333333333,40.2515465586328,3,23,NA,NA,NA,NA
"564",7533,1490371933558,1490376006153,7200000,67.1767,35.4389107235018,23,11,NA,NA,NA,NA
"565",7533,1490680763942,1490683942973,10800000,52.0501666666667,40.2729882409391,3,23,NA,NA,NA,NA
"566",7533,1490714656466,1490717604448,10800000,49.1330333333333,38.4395897646235,23,3,NA,NA,NA,NA
"567",7533,1490770976258,1490773418234,10800000,40.6996,38.9204905602744,3,23,NA,NA,NA,NA
"568",7533,1490795590791,1490798218455,10800000,43.7944,38.2999035221716,23,3,NA,NA,NA,NA
"569",7533,1490856188786,1490858398086,10800000,36.8216666666667,28.3763091073991,3,32,NA,NA,NA,NA
"570",7533,1490941718754,1490945940743,10800000,70.3664833333333,38.9518183078258,3,23,NA,NA,NA,NA
"571",7533,1491026267053,1491027163007,10800000,14.9325666666667,6.37788069287905,3,7,NA,NA,NA,NA
"572",7533,1491029714435,1491030393199,10800000,11.3127333333333,2.09760703886753,7,4,NA,NA,NA,NA
"573",7533,1491034360729,1491035169720,10800000,13.4831833333333,4.81328234110783,6,3,NA,NA,NA,NA
"574",7533,1491156822952,1491157226346,10800000,6.72323333333333,2.06946099461887,3,3,NA,NA,NA,NA
"575",7533,1491200741239,1491201185648,10800000,7.40681666666667,6.13264883665374,18,8,NA,NA,NA,NA
"576",7533,1491240183445,1491241004600,10800000,13.6859166666667,16.3811423717422,33,25,NA,NA,NA,NA
"577",7533,1491282750967,1491285400344,10800000,44.1562833333333,28.644687561277,3,17,NA,NA,NA,NA
"578",7533,1491290338246,1491292853284,10800000,41.9173,14.4554720326627,17,23,NA,NA,NA,NA
"579",7533,1491315013763,1491317506524,10800000,41.5460166666667,35.4127885447681,28,31,NA,NA,NA,NA
"580",7533,1491371243055,1491375103470,10800000,64.34025,39.9098289036821,3,23,NA,NA,NA,NA
"581",7533,1491407219354,1491409721329,10800000,41.6995833333333,38.374836236963,23,3,NA,NA,NA,NA
"582",7533,1491455585600,1491457776626,10800000,36.5171,28.6617452394092,3,17,NA,NA,NA,NA
"583",7533,1491463027529,1491464217598,10800000,19.8344833333333,13.9889280904296,17,23,NA,NA,NA,NA
"584",7533,1491491370548,1491492451467,10800000,18.0153166666667,8.00298077779888,23,9,NA,NA,NA,NA
"585",7533,1491544615378,1491547585631,10800000,49.5042166666667,55.9772221046097,3,13,NA,NA,NA,NA
"586",7533,1491577263842,1491580718874,10800000,57.5838666666667,38.2752370326006,20,3,NA,NA,NA,NA
"587",7533,1491582760830,1491583319886,10800000,9.3176,5.12376044780692,3,30,NA,NA,NA,NA
"588",7533,1491588258757,1491589104973,10800000,14.1036,4.42895857620521,30,3,NA,NA,NA,NA
"589",7533,1491805862324,1491808715394,10800000,47.5511666666667,37.7737583968787,29,23,NA,NA,NA,NA
"590",7533,1491888707726,1491890288311,10800000,26.3430833333333,22.639926783649,4,17,NA,NA,NA,NA
"591",7533,1491894740540,1491895905512,10800000,19.4162,14.3308240752554,17,23,NA,NA,NA,NA
"592",7533,1491925403295,1491927243825,10800000,30.6755,22.7718880452994,2,3,NA,NA,NA,NA
"593",7533,1491975818822,1491979042784,10800000,53.7327,40.4857796532354,3,23,NA,NA,NA,NA
"594",7533,1492013085480,1492016178522,10800000,51.5507,34.3368444703798,10,3,NA,NA,NA,NA
"595",7533,1492060364947,1492062531965,10800000,36.1169666666667,28.7120923123027,3,17,NA,NA,NA,NA
"596",7533,1492067578070,1492068703051,10800000,18.7496833333333,14.316930797898,17,23,NA,NA,NA,NA
"597",7533,1492097479839,1492099871480,10800000,39.8606833333333,29.7712497381591,5,3,NA,NA,NA,NA
"598",7533,1492493126122,1492495840093,10800000,45.23285,27.2230093938257,30,17,NA,NA,NA,NA
"599",7533,1492499591973,1492500304140,10800000,11.86945,6.27235734831141,17,19,NA,NA,NA,NA
"600",7533,1492528636203,1492531501847,10800000,47.7607333333333,36.9352589259993,23,31,NA,NA,NA,NA
"601",7533,1492533185068,1492533697599,10800000,8.54218333333333,2.75643744258423,31,3,NA,NA,NA,NA
"602",7533,1492582433866,1492586649902,10800000,70.2672666666667,40.2868727652149,3,23,NA,NA,NA,NA
"603",7533,1492616355725,1492620342808,10800000,66.4513833333333,38.5076164571311,23,3,NA,NA,NA,NA
"604",7533,1492664995963,1492667817224,10800000,47.0210166666667,28.6743664772219,3,17,NA,NA,NA,NA
"605",7533,1492671446509,1492673100912,10800000,27.5733833333333,16.0649190491418,17,23,NA,NA,NA,NA
"606",7533,1492705199027,1492707936727,10800000,45.6283333333333,38.3014970567359,23,3,NA,NA,NA,NA
"607",7533,1492943036965,1492944503037,10800000,24.4345333333333,7.5618789369488,14,4,NA,NA,NA,NA
"608",7533,1492947709049,1492948359058,10800000,10.8334833333333,5.31618769310146,4,3,NA,NA,NA,NA
"609",7533,1492955219076,1492955981180,10800000,12.7017333333333,5.86165745575496,7,3,NA,NA,NA,NA
"610",7533,1493013675154,1493016673135,10800000,49.96635,40.3678494786135,3,23,NA,NA,NA,NA
"611",7533,1493792446778,1493794807825,10800000,39.3507833333333,39.2580574238027,3,23,NA,NA,NA,NA
"612",7533,1493824554239,1493827267225,10800000,45.2164333333333,36.8188639614965,23,31,NA,NA,NA,NA
"613",7533,1493828456590,1493828713321,10800000,4.27885,2.92230752767037,31,3,NA,NA,NA,NA
"614",7533,1493876989023,1493880083977,10800000,51.5825666666667,40.0266233019455,3,23,TRUE,2,0.21841307450752,5
"615",7533,1493914038661,1493916534639,10800000,41.5996333333333,38.2355601900517,23,3,TRUE,1,0.7018787991645,5
"616",7533,1494429271318,1494432054325,10800000,46.38345,36.8223982134098,23,31,TRUE,2,0.339258537557686,5
"617",7533,1494481062813,1494484899157,10800000,63.9390666666667,39.8995494288307,3,23,TRUE,2,0.114767691489919,5
"618",7533,1494516086269,1494518838625,10800000,45.8726,38.2542189143815,23,3,TRUE,1,0.600077770198293,5
"619",7533,1494568843042,1494571628617,10800000,46.42625,39.9708697755372,3,23,TRUE,1,0.841347308869726,5
"620",7533,1494828126566,1494828950686,10800000,13.7353333333333,6.51642954589978,3,4,FALSE,-1,-1,5
"621",7533,1494864807320,1494868777268,10800000,66.1658,45.6931479238661,23,3,TRUE,1,0.748090117163282,5
"622",7533,1494914813071,1494918228522,10800000,56.9241833333333,39.9228898928702,3,23,TRUE,1,0.625399002131906,5
"623",7533,1494949966727,1494952681731,10800000,45.2500666666667,37.1867649956394,15,3,TRUE,1,0.427111900070462,5
"624",7533,1494999535911,1495000357843,10800000,13.6988666666667,6.01936730028646,3,4,FALSE,-1,-1,5
"625",7533,1495001387844,1495001649823,10800000,4.36631666666667,2.44256772536614,4,7,FALSE,-1,-1,1
"626",7533,1495003676062,1495005773921,10800000,34.9643166666667,35.8836249380181,30,23,FALSE,-1,-1,2
"627",7533,1495085443154,1495085668278,10800000,3.75206666666667,1.53277359085606,22,26,FALSE,-1,-1,5
"628",7533,1495087284174,1495087572149,10800000,4.79958333333333,2.29259845469268,26,3,TRUE,1,0.200011528465316,1
"629",7533,1495092732767,1495095240794,10800000,41.80045,39.0643701657151,3,23,TRUE,1,0.47834039138178,5
"630",7533,1495118083373,1495122655489,10800000,76.2019333333333,40.9435943636498,23,30,FALSE,-1,-1,5
"631",7533,1495209446626,1495214954626,10800000,91.8,40.429672761802,23,3,TRUE,2,0.202329641243842,5
"632",7533,1496133491367,1496133745814,10800000,4.24078333333333,1.54111554481336,12,7,FALSE,-1,-1,3
"633",7533,1496159920858,1496162544878,10800000,43.7336666666667,38.1848726358393,23,3,TRUE,1,0.622529958984253,5
"634",7533,1496207629746,1496212158663,10800000,75.48195,42.6650539852785,3,23,TRUE,1,0.810557170301626,5
"635",7533,1496241907846,1496245625435,10800000,61.9598166666667,36.8210777983512,1,31,TRUE,1,0.45702782998846,5
"636",7533,1496247730419,1496247939437,10800000,3.48363333333333,2.01067945931668,16,3,TRUE,1,0.882965364715686,1
"637",7533,1496295447693,1496295744706,10800000,4.95021666666667,2.57514222231397,22,21,FALSE,-1,-1,3
"638",7533,1496329957982,1496330126986,10800000,2.81673333333333,1.5539687412246,23,28,FALSE,-1,-1,5
"639",7533,1496343422101,1496343859073,10800000,7.28286666666667,4.22713225997244,3,7,FALSE,4,0.00927321833477781,5
"640",7533,1496730766856,1496733663063,10800000,48.2701166666667,39.9867640918705,3,23,TRUE,1,0.808937715901926,5
"641",7533,1496767001232,1496769586495,10800000,43.0877166666667,38.2808289751502,23,3,TRUE,1,0.774121504713065,5
"642",7533,1496817718294,1496820495246,10800000,46.2825333333333,39.6833528772608,3,23,TRUE,1,0.982651183039138,5
"643",7533,1496901998210,1496905230186,10800000,53.8662666666667,40.2820933399511,3,23,TRUE,1,0.462100886144425,5
"644",7777,1489392771133,1489393481136,7200000,11.7834333333333,8.02577372160443,29,8,NA,NA,NA,NA
"645",7777,1489430713687,1489433698539,7200000,49.4644,17.9930423701875,39,12,NA,NA,NA,NA
"646",7777,1489480746754,1489485902144,7200000,78.4566,27.1432076360926,4,8,NA,NA,NA,NA
"647",7777,1489521559996,1489521878071,7200000,5.20121666666667,3.88235998147358,6,12,NA,NA,NA,NA
"648",7777,1490211579268,1490212040883,7200000,7.35993333333333,2.39185453513692,26,12,NA,NA,NA,NA
"649",7777,1490271867170,1490275205112,3600000,55.3323833333333,73.4007335839383,9,34,NA,NA,NA,NA
"650",7777,1490450440982,1490451068984,7200000,10.3166,3.07187930006069,21,30,NA,NA,NA,NA
"651",7777,1490461249974,1490462614989,7200000,20.3168333333333,13.386307691197,11,14,NA,NA,NA,NA
"652",7777,1490467413015,1490472135978,7200000,77.8499166666667,43.0850110026144,14,12,NA,NA,NA,NA
"653",7777,1492024859268,1492025848553,10800000,16.4880833333333,11.4317739885517,16,12,NA,NA,NA,NA
"654",7777,1492080627900,1492083884326,10800000,54.2737666666667,39.8181368193,12,1,NA,NA,NA,NA
"655",7777,1493125792794,1493126126785,10800000,5.56651666666667,2.73321045460091,8,8,NA,NA,NA,NA
"656",7777,1493293434962,1493294945305,10800000,25.1723833333333,35.5447217919572,3,0,NA,NA,NA,NA
"657",7777,1493306639991,1493306934293,10800000,4.90503333333333,6.77005900752873,22,28,NA,NA,NA,NA
"658",7777,1493380651995,1493392029916,10800000,189.632016666667,212.690068651103,12,10,NA,NA,NA,NA
"659",7777,1493651464582,1493662091462,10800000,177.114666666667,245.862893699994,2,12,NA,NA,NA,NA
"660",7777,1493729842731,1493730856322,10800000,16.8931833333333,3.1759538248396,31,15,NA,NA,NA,NA
"661",7777,1493735814956,1493736611060,10800000,13.2684,4.96918257395462,27,30,NA,NA,NA,NA
"662",7777,1493816028103,1493818013315,10800000,33.0868666666667,44.1453199831536,0,8,NA,NA,NA,NA
"663",7777,1493831808096,1493832418096,10800000,10.1666666666667,11.4155086080877,8,26,NA,NA,NA,NA
"664",7777,1493881827470,1493882108951,10800000,4.69135,4.05809825952989,26,35,NA,NA,NA,NA
"665",7777,1494078488701,1494079497587,10800000,16.8147666666667,18.8585576583562,19,24,NA,NA,NA,NA
"666",7777,1494483022308,1494484817897,10800000,29.9264833333333,12.4450571836237,12,17,NA,NA,NA,NA
"667",7777,1494491176294,1494492129822,10800000,15.8921333333333,2.27088202351576,17,18,NA,NA,NA,NA
"668",7777,1494526248857,1494527541537,10800000,21.5446666666667,13.1259929322406,8,12,NA,NA,NA,NA
"669",7777,1494574294036,1494575568828,10800000,21.2465333333333,13.3190631667156,12,8,NA,NA,NA,NA
"670",7777,1494609555195,1494610776761,10800000,20.3594333333333,11.357221527818,8,26,NA,NA,NA,NA
"671",7777,1494611864360,1494612211360,10800000,5.78333333333333,2.0665488899569,26,12,NA,NA,NA,NA
"672",7777,1494679724839,1494682297599,10800000,42.8793333333333,37.4634012421622,12,32,NA,NA,NA,NA
"673",7777,1494753766154,1494755783347,10800000,33.6198833333333,38.5054306613764,32,30,NA,NA,NA,NA
"674",7777,1495092755390,1495093354628,10800000,9.9873,6.17043225717478,12,36,NA,NA,NA,NA
"675",7777,1495125874693,1495128181708,7200000,38.45025,13.6612986443211,8,40,NA,NA,NA,NA
"676",7777,1495130193700,1495131031711,7200000,13.96685,7.24733561035944,40,26,NA,NA,NA,NA
"677",7777,1495132613926,1495132831221,7200000,3.62158333333333,2.10490286070861,26,12,NA,NA,NA,NA
"678",7777,1495180553824,1495182283845,7200000,28.8336833333333,38.3779510379945,12,0,NA,NA,NA,NA
"679",7777,1495183886760,1495186721862,7200000,47.2517,44.1606427491205,0,8,NA,NA,NA,NA
"680",7777,1495220289899,1495221314899,7200000,17.0833333333333,12.9913136173596,8,12,NA,NA,NA,NA
"681",7777,1495290654089,1495294361148,7200000,61.7843166666667,12.8557553606871,12,37,FALSE,-1,-1,1
"682",7777,1495361767161,1495364970166,7200000,53.3834166666667,42.7786738473051,37,11,FALSE,-1,-1,0
"683",7777,1495375475191,1495376328189,7200000,14.2166333333333,7.55471456956305,11,41,FALSE,-1,-1,1
"684",7777,1495381860201,1495383010212,7200000,19.16685,21.1296214166755,41,12,FALSE,-1,-1,0
"685",7777,1495489872267,1495492507091,7200000,43.9137333333333,82.3823905447228,5,25,FALSE,-1,-1,0
"686",7777,1495519707875,1495522218147,7200000,41.8378666666667,48.0324926724678,25,7,FALSE,-1,-1,0
"687",7777,1495544863857,1495554714866,7200000,164.183483333333,245.058062406666,42,23,NA,NA,NA,NA
"688",7777,1495614129897,1495615080936,7200000,15.85065,7.91159838861983,23,33,FALSE,-1,-1,0
"689",7777,1495634784298,1495639091975,7200000,71.7946166666667,80.3436941564376,33,13,FALSE,-1,-1,0
"690",7777,1495697508100,1495700020857,7200000,41.8792833333333,12.9804148740422,12,8,FALSE,4,0.0279530265347222,5
"691",7777,1495737822623,1495738605641,10800000,13.0503,11.3805846319663,8,26,TRUE,3,0.0126076548793957,3
"692",7777,1495739363926,1495739605622,10800000,4.02826666666667,2.06065579443809,26,12,TRUE,1,0.876068796498221,2
"693",7777,1495784112128,1495786446727,10800000,38.9099833333333,38.5987577940183,30,0,FALSE,-1,-1,1
"694",7777,1495960860166,1495962082209,10800000,20.3673833333333,20.2669127223586,12,20,FALSE,-1,-1,1
"695",7777,1495969899170,1495971130183,10800000,20.5168833333333,19.4232444135303,38,12,FALSE,-1,-1,0
"696",7777,1496042884869,1496044546346,10800000,27.6912833333333,13.0054079586613,12,8,TRUE,3,0.102036525100581,5
"697",7788,1489424387843,1489427371000,0,49.3192833333333,32.601759871656,33,12,NA,NA,NA,NA
"698",7788,1489520408000,1489520997000,0,9.81666666666667,2.5671126773107,8,30,NA,NA,NA,NA
"699",7788,1489562524000,1489562897000,0,6.21666666666667,2.02951745168023,12,9,NA,NA,NA,NA
"700",7788,1490183820277,1490184565182,3600000,11.4486,10.6369458679448,18,19,NA,NA,NA,NA
"701",7788,1490340110263,1490342261259,3600000,34.1665,19.1303379620843,19,5,NA,NA,NA,NA
"702",7788,1490344302175,1490344558103,3600000,2.66678333333333,1.52918504866822,5,5,NA,NA,NA,NA
"703",7788,1490357048804,1490359902428,3600000,47.2270333333333,35.5504303190973,5,38,NA,NA,NA,NA
"704",7788,1490374443514,1490378643610,3600000,68.8348,33.8542937929709,38,24,NA,NA,NA,NA
"705",7788,1490435601746,1490440060745,3600000,70.7670833333333,51.5737696612611,12,15,NA,NA,NA,NA
"706",7788,1490443539776,1490445017762,3600000,24.18305,6.71412135748661,15,35,NA,NA,NA,NA
"707",7788,1490445779768,1490446174758,3600000,5.867,2.09049845061967,35,1,NA,NA,NA,NA
"708",7788,1490448723041,1490451940053,3600000,50.33345,18.9698402655263,1,36,NA,NA,NA,NA
"709",7788,1490537203184,1490538116272,7200000,13.48335,8.08518401183073,12,13,NA,NA,NA,NA
"710",7788,1490539589343,1490540621602,7200000,16.5531166666667,15.3952251658087,13,12,NA,NA,NA,NA
"711",7788,1490599765036,1490607311027,7200000,124.617066666667,38.5496702449166,28,26,NA,NA,NA,NA
"712",7788,1490859873800,1490860968822,7200000,18.2503666666667,0.816996890566715,12,12,NA,NA,NA,NA
"713",7788,1493464095994,1493464324618,7200000,3.8104,1.64158314431879,12,9,NA,NA,NA,NA
"714",7788,1493465083018,1493465445980,7200000,6.04936666666667,1.82783426545771,9,12,NA,NA,NA,NA
"715",7788,1493543226075,1493544050092,7200000,13.7336166666667,10.1755983177023,12,10,NA,NA,NA,NA
"716",7788,1493550931327,1493552374755,7200000,24.0571333333333,4.68305923289243,10,12,NA,NA,NA,NA
"717",7788,1493558465388,1493558684378,7200000,3.64983333333333,1.80629719882918,12,9,NA,NA,NA,NA
"718",7788,1493560301129,1493560584129,7200000,4.71666666666667,2.13635646013397,9,12,NA,NA,NA,NA
"719",7788,1493561470121,1493562340218,7200000,13.5502333333333,12.1148616797954,12,14,NA,NA,NA,NA
"720",7788,1493567971268,1493568889566,7200000,15.3049666666667,8.19623982823598,14,12,NA,NA,NA,NA
"721",7788,1493929075336,1493930979427,7200000,31.73485,20.5099224345784,25,6,NA,NA,NA,NA
"722",7788,1494507860662,1494510316522,-25200000,40.931,30.7409045282358,17,7,NA,NA,NA,NA
"723",7788,1494552378556,1494554787855,-25200000,40.1549833333333,23.8370229318308,7,17,NA,NA,NA,NA
"724",7788,1494595985090,1494598973651,-25200000,49.80935,75.1353759738725,31,20,NA,NA,NA,NA
"725",7788,1494611960805,1494615402482,-25200000,57.3612833333333,71.5132891119962,20,16,NA,NA,NA,NA
"726",7788,1494618221136,1494618528712,-25200000,5.12626666666667,1.38207773737898,16,39,NA,NA,NA,NA
"727",7788,1494626291546,1494627063706,-25200000,12.8693333333333,11.8443191948961,39,7,NA,NA,NA,NA
"728",7788,1494961648293,1494961945635,3600000,4.9557,2.20645289181288,9,12,NA,NA,NA,NA
"729",7788,1495044888071,1495045855985,7200000,16.1319,12.3243694802109,27,3,NA,NA,NA,NA
"730",7788,1495087733494,1495088303727,7200000,9.50388333333333,3.02915165774082,3,0,NA,NA,NA,NA
"731",7788,1495119056908,1495120168505,7200000,18.5266166666667,14.2035641044338,0,32,NA,NA,NA,NA
"732",7788,1495123258576,1495123460491,7200000,3.36525,1.69072002392627,32,27,NA,NA,NA,NA
"733",7788,1495362326481,1495363541289,3600000,20.2468,15.4883648460216,12,11,NA,NA,NA,NA
"734",7788,1495366835149,1495368923698,3600000,34.80915,22.5364389290457,11,23,NA,NA,NA,NA
"735",7788,1495375514270,1495376234301,3600000,12.0005166666667,14.0466285498613,23,4,FALSE,-1,-1,1
"736",7788,1495453148957,1495458159961,3600000,83.5167333333333,68.189403771833,24,5,FALSE,-1,-1,1
"737",7788,1495469661785,1495472228732,7200000,42.78245,33.2073818931673,5,41,FALSE,-1,-1,1
"738",7788,1495574486387,1495577090076,7200000,43.3948166666667,68.9651999094516,22,34,FALSE,-1,-1,0
"739",7788,1495614347203,1495615452081,7200000,18.4146333333333,8.3924772523298,34,40,FALSE,-1,-1,0
"740",7788,1495625116648,1495625392237,7200000,4.59315,1.94776942883258,40,29,FALSE,-1,-1,0
"741",7788,1495628727745,1495629122901,7200000,6.58593333333333,2.38842411600834,29,40,FALSE,-1,-1,0
"742",7788,1495634925590,1495636548279,7200000,27.0448166666667,7.75201494832463,40,2,FALSE,-1,-1,0
"743",7788,1496330744606,1496331078577,3600000,5.56618333333333,2.17508246735661,12,9,TRUE,1,0.389776525832449,1
"744",7788,1496334387368,1496335148542,3600000,12.6862333333333,2.15592539433076,9,12,TRUE,1,0.531384433134866,1
"745",7788,1496568203496,1496568593259,3600000,6.49605,3.70435123215217,12,37,FALSE,-1,-1,6
"746",7788,1496569247308,1496571520913,3600000,37.8934166666667,1.22131064924594,37,21,FALSE,-1,-1,1
"747",7788,1496576656953,1496577019933,3600000,6.04966666666667,2.12059119459939,9,12,TRUE,1,0.777183872454174,1
"748",7788,1496675529284,1496677429977,3600000,31.6782166666667,0.798025214964604,12,9,TRUE,1,0.417406964704263,1
"749",7788,1496678154409,1496678346023,3600000,3.19356666666667,0.496781128389789,9,9,NA,NA,NA,NA
"750",7788,1496680665123,1496680860914,3600000,3.26318333333333,0.677003460955415,9,9,NA,NA,NA,NA
"751",7788,1496681765410,1496682035047,3600000,4.49395,1.97561936853464,9,12,TRUE,1,0.509810317066117,1
